{"cameraMode":{"drawMode":0,"name":"Shaded","section":"Shading Mode"},"sceneLighting":true,"audioPlay":false,"sceneViewState":{"showFog":true,"showMaterialUpdate":false,"showSkybox":true,"showFlares":true,"showImageEffects":true,"showParticleSystems":true},"in2DMode":false,"pivot":{"x":114.62801361083985,"y":2.4104995727539064,"z":123.1812744140625},"rotation":{"x":0.17214012145996095,"y":0.2069300413131714,"z":-0.037024617195129397,"w":0.9623808860778809},"size":48.09105682373047,"orthographic":false}