{"cameraMode":{"drawMode":0,"name":"Shaded","section":"Shading Mode"},"sceneLighting":false,"audioPlay":false,"sceneViewState":{"showFog":true,"showMaterialUpdate":false,"showSkybox":true,"showFlares":true,"showImageEffects":true,"showParticleSystems":true},"in2DMode":false,"pivot":{"x":0.0,"y":1.5558058711985838e-15,"z":0.03981734812259674},"rotation":{"x":0.7232523560523987,"y":0.0002050090697593987,"z":-0.0002133434609277174,"w":0.6905837655067444},"size":0.45673996210098269,"orthographic":false}