{"cameraMode":{"drawMode":0,"name":"Shaded","section":"Shading Mode"},"sceneLighting":false,"audioPlay":false,"sceneViewState":{"showFog":true,"showMaterialUpdate":false,"showSkybox":true,"showFlares":true,"showImageEffects":true,"showParticleSystems":true},"in2DMode":false,"pivot":{"x":-2.9802322387695315e-8,"y":0.007012499496340752,"z":-0.0030792132019996645},"rotation":{"x":0.6571255922317505,"y":0.0013548505958169699,"z":-0.0011798084015026689,"w":0.753778874874115},"size":0.1798763871192932,"orthographic":false}