{"cameraMode":{"drawMode":0,"name":"Shaded","section":"Shading Mode"},"sceneLighting":true,"audioPlay":false,"sceneViewState":{"showFog":true,"showMaterialUpdate":false,"showSkybox":true,"showFlares":true,"showImageEffects":true,"showParticleSystems":true},"in2DMode":false,"pivot":{"x":114.62801361083985,"y":2.4104995727539064,"z":123.1812744140625},"rotation":{"x":0.29967793822288515,"y":0.02889471873641014,"z":-0.009092164225876332,"w":0.953559398651123},"size":31.666805267333986,"orthographic":false}